Z [ m ],Temperature [ K ]
0.0620324984,318.7498780000
0.0619704053,318.7427980000
0.0619083121,318.7357180000
0.0618462190,318.7286680000
0.0617841259,318.7216190000
0.0617220327,318.7145390000
0.0616599396,318.7074580000
0.0615978464,318.7003780000
0.0615357533,318.6932980000
0.0614736602,318.6862180000
0.0614115670,318.6791690000
0.0613494739,318.6720580000
0.0612873808,318.6650390000
0.0612252876,318.6679690000
0.0611631945,318.6974490000
0.0611011013,318.7211910000
0.0610390082,318.7250670000
0.0609769151,318.7288820000
0.0609148219,318.7327270000
0.0608527288,318.7365720000
0.0607906356,318.7406620000
0.0607285425,318.7439880000
0.0606664494,318.7475280000
0.0606043562,318.7511600000
0.0605422631,318.7547000000
0.0604801700,318.7583010000
0.0604180768,318.7618710000
0.0603559837,318.7654420000
0.0602938905,318.7690430000
0.0602317974,318.7689820000
0.0601697043,318.7214050000
0.0601076111,318.6738890000
0.0600455180,318.7297360000
0.0599834248,318.8228150000
0.0599213317,318.9158940000
0.0598592386,319.0089720000
0.0597971454,319.1020810000
0.0597350523,319.1951900000
0.0596729591,319.2882690000
0.0596108660,319.3813480000
0.0595487729,319.4527590000
0.0594866797,319.5040280000
0.0594245866,319.5553280000
0.0593624935,319.6066280000
0.0593004003,319.6578980000
0.0592383072,319.7092290000
0.0591762140,319.7605290000
0.0591141209,319.8118290000
0.0590520278,319.8631290000
0.0589899346,319.9144290000
0.0589278415,319.9637450000
0.0588657483,319.9898070000
0.0588036552,320.0018310000
0.0587415621,320.0138550000
0.0586794689,320.0429080000
0.0586173758,320.0725710000
0.0585552827,320.0748290000
0.0584931895,320.0771790000
0.0584310964,320.0794980000
0.0583690032,320.0817870000
0.0583069101,320.0649720000
0.0582448170,320.0406800000
0.0581827238,320.0164490000
0.0581206307,319.9921880000
0.0580585375,319.9679570000
0.0579964444,319.9436650000
0.0579343513,319.9194030000
0.0578722581,319.8951420000
0.0578101650,319.8709110000
0.0577480718,319.8466490000
0.0576859787,319.8223880000
0.0576238856,319.7980960000
0.0575617924,319.7738650000
0.0574996993,319.7496340000
0.0574376062,319.7253420000
0.0573755130,319.7010800000
0.0573134199,319.7055660000
0.0572513267,319.7930600000
0.0571892336,319.8806150000
0.0571271405,319.9682010000
0.0570650473,320.0557250000
0.0570029542,320.1432500000
0.0569408610,320.2308040000
0.0568787679,320.3183590000
0.0568166748,320.4058840000
0.0567545816,320.4933780000
0.0566924885,320.5809330000
0.0566303954,320.6684880000
0.0565683022,320.7560120000
0.0565062091,320.8435670000
0.0564441159,320.9310910000
0.0563820228,321.0186460000
0.0563199297,321.1061710000
0.0562578365,321.1936950000
0.0561957434,321.2812190000
0.0561336502,321.3687740000
0.0560715571,321.4410710000
0.0560094640,321.4997860000
0.0559473708,321.5585330000
0.0558852777,321.6172180000
0.0558231845,321.6759640000
0.0557610914,321.7346800000
0.0556989983,321.7934270000
0.0556369051,321.8521120000
0.0555748120,321.9262700000
0.0555127189,322.0178220000
0.0554506257,322.1093750000
0.0553885326,322.1670840000
0.0553264394,322.2087710000
0.0552643463,322.2504270000
0.0552022532,322.2920840000
0.0551401600,322.3337710000
0.0550780669,322.3754270000
0.0550159737,322.4171450000
0.0549538806,322.4587710000
0.0548917875,322.4764400000
0.0548296943,322.4904790000
0.0547676012,322.5044860000
0.0547055081,322.5184940000
0.0546434149,322.5325010000
0.0545813218,322.5464780000
0.0545192286,322.5604860000
0.0544571355,322.5745240000
0.0543950424,322.5885010000
0.0543329492,322.6025090000
0.0542708561,322.6165470000
0.0542087629,322.6762390000
0.0541466698,322.7609560000
0.0540845767,322.8457030000
0.0540224835,322.9304200000
0.0539603904,323.0151370000
0.0538982973,323.0999150000
0.0538362041,323.1846010000
0.0537741110,323.2693180000
0.0537120178,323.3540650000
0.0536499247,323.4388120000
0.0535878316,323.5187990000
0.0535257384,323.5620420000
0.0534636453,323.6094670000
0.0534015521,323.6320190000
0.0533394590,323.6576230000
0.0532773659,323.6832280000
0.0532152727,323.7088620000
0.0531531796,323.7344360000
0.0530910864,323.7600710000
0.0530289933,323.7857060000
0.0529669002,323.8151550000
0.0529048070,323.8223570000
0.0528427139,323.8284610000
0.0527806208,323.8345640000
0.0527185276,323.8433840000
0.0526564345,323.9010930000
0.0525943413,323.9505000000
0.0525322482,323.9950560000
0.0524701551,324.0395810000
0.0524080619,324.0841060000
0.0523459688,324.1286320000
0.0522838756,324.1731870000
0.0522217825,324.2177120000
0.0521596894,324.2622380000
0.0520975962,324.3052980000
0.0520355031,324.3212590000
0.0519734100,324.3366700000
0.0519113168,324.3520510000
0.0518492237,324.3674320000
0.0517871305,324.3828430000
0.0517250374,324.3982240000
0.0516629443,324.4136050000
0.0516008511,324.4289860000
0.0515387580,324.4443970000
0.0514766648,324.4598080000
0.0514145717,324.4977420000
0.0513524786,324.5707090000
0.0512903854,324.6436770000
0.0512282923,324.7166140000
0.0511661991,324.7895510000
0.0511041060,324.8625180000
0.0510420129,324.9354550000
0.0509799197,325.0083920000
0.0509178266,325.0813600000
0.0508557335,325.1530150000
0.0507936403,325.2227480000
0.0507315472,325.2924800000
0.0506694540,325.3469850000
0.0506073609,325.3846440000
0.0505452678,325.4223020000
0.0504831746,325.4599910000
0.0504210815,325.4976810000
0.0503589883,325.5530400000
0.0502968952,325.6117550000
0.0502348021,325.6561890000
0.0501727089,325.6845090000
0.0501106158,325.7129210000
0.0500485227,325.7412720000
0.0499864295,325.7546080000
0.0499243364,325.7631230000
0.0498622432,325.7716670000
0.0498001501,325.7801820000
0.0497380570,325.7887570000
0.0496759638,325.7972720000
0.0496138707,325.8173830000
0.0495517775,325.8716430000
0.0494896844,325.9259640000
0.0494275913,325.9708860000
0.0493654981,326.0107120000
0.0493034050,326.0505070000
0.0492413118,326.0903320000
0.0491792187,326.1300960000
0.0491171256,326.1699220000
0.0490550324,326.2097780000
0.0489929393,326.2495730000
0.0489308462,326.2760310000
0.0488687530,326.2978520000
0.0488066599,326.3196720000
0.0487445667,326.3414920000
0.0486824736,326.3632810000
0.0486203805,326.3850710000
0.0485582873,326.4068910000
0.0484961942,326.4246830000
0.0484341010,326.4377140000
0.0483720079,326.4720460000
0.0483099148,326.5032040000
0.0482478216,326.5215450000
0.0481857285,326.5398860000
0.0481236354,326.5582280000
0.0480615422,326.5765690000
0.0479994491,326.5949100000
0.0479373559,326.6132810000
0.0478752628,326.6316220000
0.0478131697,326.6499630000
0.0477510765,326.6619870000
0.0476889834,326.6694340000
0.0476268902,326.6881710000
0.0475647971,326.7351680000
0.0475027040,326.7821350000
0.0474406108,326.8217770000
0.0473785177,326.8518680000
0.0473164245,326.8819890000
0.0472543314,326.9120480000
0.0471922383,326.9421690000
0.0471301451,326.9546510000
0.0470680520,326.9650270000
0.0470059589,326.9922180000
0.0469438657,327.0296020000
0.0468817726,327.0545650000
0.0468196794,327.0783080000
0.0467575863,327.1097110000
0.0466954932,327.1468510000
0.0466334000,327.1991270000
0.0465713069,327.2594600000
0.0465092137,327.3163450000
0.0464471206,327.3425290000
0.0463850275,327.3686830000
0.0463229343,327.3948360000
0.0462608412,327.4017330000
0.0461987481,327.3959050000
0.0461366549,327.3900450000
0.0460745618,327.3768620000
0.0460124686,327.3848880000
0.0459503755,327.4224240000
0.0458882824,327.4550170000
0.0458261892,327.4696040000
0.0457640961,327.4983220000
0.0457020029,327.5249020000
0.0456399098,327.5515750000
0.0455778167,327.5760190000
0.0455157235,327.5990600000
0.0454536304,327.6192630000
0.0453915372,327.6432500000
0.0453294441,327.6674800000
0.0452673510,327.6818850000
0.0452052578,327.6951600000
0.0451431647,327.7085570000
0.0450810716,327.7219240000
0.0450189784,327.7352910000
0.0449568853,327.7486570000
0.0448947921,327.7620240000
0.0448326990,327.7753600000
0.0447706059,327.7887570000
0.0447085127,327.8020940000
0.0446464196,327.8154600000
0.0445843264,327.8288270000
0.0445222333,327.8421940000
0.0444601402,327.8527530000
0.0443980470,327.8610840000
0.0443359539,327.8694760000
0.0442738608,327.8778380000
0.0442117676,327.8862300000
0.0441496745,327.8945620000
0.0440875813,327.9029240000
0.0440254882,327.9113160000
0.0439633951,327.9194950000
0.0439013019,327.9280400000
0.0438392088,327.9364010000
0.0437771156,327.9447630000
0.0437150225,327.9531250000
0.0436529294,327.9606930000
0.0435908362,327.9664310000
0.0435287431,327.9716800000
0.0434666499,327.9769590000
0.0434045568,327.9825130000
0.0433424637,327.9878850000
0.0432803705,327.9931640000
0.0432182774,327.9983830000
0.0431561843,328.0038150000
0.0430940911,328.0090940000
0.0430319980,328.0144040000
0.0429699048,328.0197450000
0.0429078117,328.0241390000
0.0428457186,328.0253600000
0.0427836254,328.0261840000
0.0427215323,328.0270390000
0.0426594391,328.0278630000
0.0425973460,328.0287170000
0.0425352529,328.0295720000
0.0424731597,328.0303960000
0.0424110666,328.0312500000
0.0423489735,328.0437620000
0.0422868803,328.0581670000
0.0422247872,328.0699460000
0.0421626940,328.0704350000
0.0421006009,328.0708620000
0.0420385078,328.0713500000
0.0419764146,328.0718080000
0.0419143215,328.0722960000
0.0418522283,328.0743710000
0.0417901352,328.0764770000
0.0417280421,328.0786130000
0.0416659489,328.0792850000
0.0416038558,328.0872500000
0.0415417627,328.0964970000
0.0414796695,328.1057740000
0.0414175764,328.1150210000
0.0413554832,328.1242680000
0.0412933901,328.1334840000
0.0412312970,328.1427610000
0.0411692038,328.1466370000
0.0411071107,328.1499630000
0.0410450175,328.1532590000
0.0409829244,328.1566160000
0.0409208313,328.1596980000
0.0408587381,328.1627810000
0.0407966450,328.1513670000
0.0407345518,328.1361390000
0.0406724587,328.1209410000
0.0406103656,328.1074220000
0.0405482724,328.1371150000
0.0404861793,328.1811830000
0.0404240862,328.2252810000
0.0403619930,328.2699580000
0.0402998999,328.3109130000
0.0402378067,328.3522030000
0.0401757136,328.3934630000
0.0401136205,328.4347230000
0.0400515273,328.4760130000
0.0399894342,328.4889220000
0.0399273410,328.4729310000
0.0398652479,328.4489750000
0.0398031548,328.4423220000
0.0397410616,328.4997250000
0.0396789685,328.5302430000
0.0396168754,328.5579830000
0.0395547822,328.5650020000
0.0394926891,328.5720210000
0.0394305959,328.5790410000
0.0393685028,328.5845950000
0.0393064097,328.5885010000
0.0392443165,328.5923770000
0.0391822234,328.5962520000
0.0391201302,328.6001590000
0.0390580371,328.6040950000
0.0389959440,328.6079710000
0.0389338508,328.6131290000
0.0388717577,328.6289060000
0.0388096645,328.6447140000
0.0387475714,328.6546020000
0.0386854783,328.6611020000
0.0386233851,328.6675720000
0.0385612920,328.6768800000
0.0384991989,328.7005000000
0.0384371057,328.7240600000
0.0383750126,328.7476810000
0.0383129194,328.7712400000
0.0382508263,328.7948610000
0.0381887332,328.8184200000
0.0381266400,328.8420100000
0.0380645469,328.8656310000
0.0380024537,328.8892210000
0.0379403606,328.9127500000
0.0378782675,328.9367370000
0.0378161743,328.9732060000
0.0377540812,329.0097660000
0.0376919881,329.0463260000
0.0376298949,329.0819090000
0.0375678018,329.1125490000
0.0375057086,329.1349790000
0.0374436155,329.1483760000
0.0373815224,329.1618040000
0.0373194292,329.1752010000
0.0372573361,329.1871950000
0.0371952429,329.1950070000
0.0371331498,329.2027590000
0.0370710567,329.2105410000
0.0370089635,329.2233280000
0.0369468704,329.2373050000
0.0368847772,329.2513430000
0.0368226841,329.2653500000
0.0367605910,329.2793580000
0.0366984978,329.2933350000
0.0366364047,329.3076780000
0.0365743116,329.3224490000
0.0365122184,329.3249210000
0.0364501253,329.3289490000
0.0363880321,329.3343200000
0.0363259390,329.3396610000
0.0362638459,329.3450320000
0.0362017527,329.3504030000
0.0361396596,329.3557130000
0.0360775664,329.3610840000
0.0360154733,329.3664250000
0.0359533802,329.3717650000
0.0358912870,329.3797610000
0.0358291939,329.3881230000
0.0357671008,329.3908390000
0.0357050076,329.3909910000
0.0356429145,329.3911130000
0.0355808213,329.3912350000
0.0355187282,329.3916320000
0.0354566351,329.3934330000
0.0353945419,329.3952640000
0.0353324488,329.3970640000
0.0352703556,329.3988340000
0.0352082625,329.4006650000
0.0351461694,329.4024660000
0.0350840762,329.4046630000
0.0350219831,329.4065860000
0.0349598899,329.4067990000
0.0348977968,329.4039920000
0.0348357037,329.4002380000
0.0347736105,329.3964840000
0.0347115174,329.3929440000
0.0346494243,329.3905330000
0.0345873311,329.3880920000
0.0345252380,329.3843380000
0.0344631448,329.3812870000
0.0344010517,329.3804930000
0.0343389586,329.3799130000
0.0342768654,329.3779910000
0.0342147723,329.3705140000
0.0341526791,329.3630980000
0.0340905860,329.3565060000
0.0340284929,329.3526000000
0.0339663997,329.3496090000
0.0339043066,329.3500060000
0.0338422135,329.3504030000
0.0337801203,329.3508300000
0.0337180272,329.3465270000
0.0336559340,329.3410640000
0.0335938409,329.3356930000
0.0335317478,329.3303220000
0.0334696546,329.3250430000
0.0334075615,329.3208620000
0.0333454683,329.3161010000
0.0332833752,329.3093870000
0.0332212821,329.3029790000
0.0331591889,329.3005370000
0.0330970958,329.2981570000
0.0330350026,329.2958070000
0.0329729095,329.2934270000
0.0329108164,329.2888490000
0.0328487232,329.2752380000
0.0327866301,329.2658080000
0.0327245370,329.2592160000
0.0326624438,329.2528380000
0.0326003507,329.2464600000
0.0325382575,329.2401430000
0.0324761644,329.2338260000
0.0324140713,329.2272030000
0.0323519781,329.2202150000
0.0322898850,329.2149350000
0.0322277918,329.2104490000
0.0321656987,329.2016600000
0.0321036056,329.1872560000
0.0320415124,329.1721800000
0.0319794193,329.1561890000
0.0319173262,329.1400760000
0.0318552330,329.1307980000
0.0317931399,329.1250610000
0.0317310467,329.1188350000
0.0316689536,329.1125790000
0.0316068605,329.1036680000
0.0315447673,329.0902400000
0.0314826742,329.0779720000
0.0314205810,329.0596310000
0.0313584879,329.0359800000
0.0312963948,329.0137330000
0.0312343035,329.0023190000
0.0311722122,328.9949040000
0.0311101209,328.9866940000
0.0310480297,328.9783940000
0.0309859384,328.9700930000
0.0309238471,328.9483950000
0.0308617558,328.9269100000
0.0307996646,328.9127200000
0.0307375733,328.9018550000
0.0306754820,328.8909910000
0.0306133907,328.8812870000
0.0305512995,328.8740230000
0.0304892082,328.8551940000
0.0304271169,328.8363040000
0.0303650256,328.8203740000
0.0303029343,328.7989810000
0.0302408431,328.7804570000
0.0301787518,328.7660520000
0.0301166605,328.7604980000
0.0300545692,328.7462160000
0.0299924780,328.7272340000
0.0299303867,328.7080080000
0.0298682954,328.6873170000
0.0298062041,328.6567990000
0.0297441129,328.6263430000
0.0296820216,328.5983890000
0.0296199303,328.5719600000
0.0295578390,328.5455320000
0.0294957478,328.5080260000
0.0294336565,328.4695430000
0.0293715652,328.4403080000
0.0293094739,328.4226990000
0.0292473827,328.4029850000
0.0291852914,328.3891600000
0.0291232001,328.3887630000
0.0290611088,328.4044490000
0.0289990176,328.4025570000
0.0289369263,328.3645020000
0.0288748350,328.3363950000
0.0288127437,328.3084720000
0.0287506524,328.2809750000
0.0286885612,328.2549740000
0.0286264699,328.2587890000
0.0285643786,328.2362670000
0.0285022873,328.2125850000
0.0284401961,328.1889340000
0.0283781048,328.1690980000
0.0283160135,328.1496280000
0.0282539222,328.1274110000
0.0281918310,328.1015630000
0.0281297397,328.0661930000
0.0280676484,328.0296330000
0.0280055571,327.9930110000
0.0279434659,327.9563290000
0.0278813746,327.9299620000
0.0278192833,327.9050900000
0.0277571920,327.8757630000
0.0276951008,327.8382570000
0.0276330095,327.8019410000
0.0275709182,327.7561950000
0.0275088269,327.7114560000
0.0274467357,327.6849980000
0.0273846444,327.6585690000
0.0273225531,327.6393430000
0.0272604618,327.6378170000
0.0271983705,327.6215520000
0.0271362793,327.5679320000
0.0270741880,327.5153810000
0.0270120967,327.4749760000
0.0269500054,327.4400330000
0.0268879142,327.4050600000
0.0268258229,327.3701170000
0.0267637316,327.3336490000
0.0267016403,327.2963560000
0.0266395491,327.2590940000
0.0265774578,327.2259520000
0.0265153665,327.1998290000
0.0264532752,327.1737060000
0.0263911840,327.1475520000
0.0263290927,327.1214600000
0.0262670014,327.0856320000
0.0262049101,327.0469360000
0.0261428189,327.0082400000
0.0260807276,326.9186400000
0.0260186363,326.8287960000
0.0259565450,326.7387700000
0.0258944537,326.6540830000
0.0258323625,326.6189580000
0.0257702712,326.5907590000
0.0257081799,326.5637820000
0.0256460886,326.5472410000
0.0255839974,326.5307010000
0.0255219061,326.4857180000
0.0254598148,326.4910280000
0.0253977235,326.5041200000
0.0253356323,326.5156860000
0.0252735410,326.4973450000
0.0252114497,326.3531490000
0.0251493584,326.2089540000
0.0250872672,326.0874940000
0.0250251759,326.0251460000
0.0249630846,325.9689030000
0.0249009933,325.9087220000
0.0248389021,325.8485720000
0.0247768108,325.7884220000
0.0247147195,325.7461550000
0.0246526282,325.7116090000
0.0245905370,325.6618040000
0.0245284457,325.6120000000
0.0244663544,325.5622250000
0.0244042631,325.5123900000
0.0243421718,325.4725040000
0.0242800806,325.4015500000
0.0242179893,325.3742680000
0.0241558980,325.3536680000
0.0240938067,325.3330990000
0.0240317155,325.3125610000
0.0239696242,325.2998660000
0.0239075329,325.2832640000
0.0238454416,325.2475890000
0.0237833504,325.1784360000
0.0237212591,325.1093140000
0.0236591678,325.0401310000
0.0235970765,325.0070190000
0.0235349853,324.9875490000
0.0234728940,324.9269710000
0.0234108027,324.8196720000
0.0233487114,324.6774900000
0.0232866202,324.6182560000
0.0232245289,324.5645750000
0.0231624376,324.5108950000
0.0231003463,324.4576420000
0.0230382551,324.3751830000
0.0229761638,324.2927550000
0.0229140725,324.2103270000
0.0228519812,324.1306150000
0.0227898899,324.0846250000
0.0227277987,324.0304260000
0.0226657074,323.9408260000
0.0226036161,323.9645390000
0.0225415248,323.9883120000
0.0224794336,324.0120240000
0.0224173423,323.9234310000
0.0223552510,323.8321840000
0.0222931597,323.7408750000
0.0222310685,323.6517940000
0.0221689772,323.5950320000
0.0221068859,323.5435790000
0.0220447946,323.4921260000
0.0219827034,323.4743960000
0.0219206121,323.3731380000
0.0218585208,323.2732540000
0.0217964295,323.1756290000
0.0217343383,323.0937810000
0.0216722470,323.0209660000
0.0216101557,322.9483030000
0.0215480644,322.8789060000
0.0214859731,322.8074950000
0.0214238819,322.7219540000
0.0213617906,322.6406250000
0.0212996993,322.5575560000
0.0212376080,322.4681400000
0.0211755168,322.4434200000
0.0211134255,322.4168400000
0.0210513342,322.3690490000
0.0209892429,322.2433170000
0.0209271517,322.1179500000
0.0208650604,321.9962770000
0.0208029691,321.8746340000
0.0207408778,321.7710880000
0.0206787866,321.6670530000
0.0206166953,321.5607600000
0.0205546040,321.4555970000
0.0204925127,321.3552250000
0.0204304215,321.3284910000
0.0203683302,321.3052980000
0.0203062389,321.2761840000
0.0202441476,321.2105100000
0.0201820564,321.1448060000
0.0201199651,321.0791320000
0.0200578738,320.8735350000
0.0199957825,320.5954900000
0.0199336912,320.3314510000
0.0198716000,320.1175540000
0.0198095087,319.8576050000
0.0197474174,319.7088620000
0.0196853261,319.5877990000
0.0196232349,319.4628910000
0.0195611436,319.3459470000
0.0194990523,319.2452700000
0.0194369610,319.1326290000
0.0193748698,319.0580140000
0.0193127785,319.0258790000
0.0192506872,318.9937440000
0.0191885959,318.9616090000
0.0191265047,318.9182130000
0.0190644134,318.7895810000
0.0190023221,318.6714480000
0.0189402308,318.6820370000
0.0188781396,318.6925660000
0.0188160483,318.7030940000
0.0187539570,318.6193850000
0.0186918657,318.5155030000
0.0186297745,318.4046020000
0.0185676832,318.1923220000
0.0185055919,318.0473940000
0.0184435006,317.9671020000
0.0183814093,317.8868100000
0.0183193181,317.7674560000
0.0182572268,317.6263430000
0.0181951355,317.5021970000
0.0181330442,317.4966740000
0.0180709530,317.3843690000
0.0180088617,317.2638850000
0.0179467704,317.0471800000
0.0178846791,316.8775940000
0.0178225879,316.7680660000
0.0177604966,316.7032170000
0.0176984053,316.6448360000
0.0176363140,316.5404660000
0.0175742228,316.3835140000
0.0175121315,316.1652220000
0.0174500402,315.9469910000
0.0173879489,315.7287290000
0.0173258577,315.5262450000
0.0172637664,315.3528140000
0.0172016751,315.3683170000
0.0171395838,315.4194030000
0.0170774926,315.4705200000
0.0170154013,315.3559880000
0.0169533100,315.2032170000
0.0168912187,315.0727540000
0.0168291274,314.9431150000
0.0167670362,314.8204960000
0.0167049449,314.5953980000
0.0166428536,314.2876890000
0.0165807623,314.0393980000
0.0165186711,313.8063960000
0.0164565798,313.6461180000
0.0163944885,313.5322270000
0.0163323972,313.4914550000
0.0162703060,313.4507140000
0.0162082147,313.2966920000
0.0161461234,313.1088260000
0.0160840321,313.0003050000
0.0160219409,312.8423770000
0.0159598496,312.6844480000
0.0158977583,312.5264890000
0.0158356670,312.3834530000
0.0157735758,312.2494510000
0.0157114845,312.1087340000
0.0156493932,311.9414060000
0.0155873010,311.7741090000
0.0155252088,311.6037900000
0.0154631166,311.4156800000
0.0154010244,311.2609560000
0.0153389322,311.0915830000
0.0152768400,310.9434810000
0.0152147477,310.8836060000
0.0151526555,310.8236690000
0.0150905633,310.8027040000
0.0150284711,310.6067810000
0.0149663789,310.4125980000
0.0149042867,310.1434630000
0.0148421945,309.8460080000
0.0147801023,309.5485840000
0.0147180101,309.3231810000
0.0146559179,309.1623230000
0.0145938257,309.1342160000
0.0145317335,309.1657710000
0.0144696413,309.0228270000
0.0144075491,308.7648320000
0.0143454568,308.5355220000
0.0142833646,308.3473510000
0.0142212724,308.2346500000
0.0141591802,308.0861510000
0.0140970880,307.9228820000
0.0140349958,307.8508300000
0.0139729036,307.8203130000
0.0139108114,307.7332760000
0.0138487192,307.5294190000
0.0137866270,307.4023440000
0.0137245348,307.2500310000
0.0136624426,307.0937190000
0.0136003504,306.9373780000
0.0135382582,306.7599790000
0.0134761659,306.5847170000
0.0134140737,306.4219360000
0.0133519815,306.3274840000
0.0132898893,306.2580260000
0.0132277971,306.1780090000
0.0131657049,306.0096440000
0.0131036127,305.7356570000
0.0130415205,305.4616700000
0.0129794283,305.2833860000
0.0129173361,305.2036440000
0.0128552439,305.0371400000
0.0127931517,304.9884340000
0.0127310595,304.9741820000
0.0126689672,304.9599300000
0.0126068750,304.9367370000
0.0125447828,304.7758790000
0.0124826906,304.6149600000
0.0124205984,304.4010930000
0.0123585062,304.1403810000
0.0122964140,303.8796390000
0.0122343218,303.6900630000
0.0121722296,303.5196230000
0.0121101374,303.3227230000
0.0120480452,303.1640630000
0.0119859530,303.1334840000
0.0119238608,303.1173400000
0.0118617686,303.1011660000
0.0117996763,302.9351200000
0.0117375841,302.7630620000
0.0116754919,302.5910340000
0.0116133997,302.4189760000
0.0115513075,302.2469180000
0.0114892153,302.1124570000
0.0114271231,301.9823610000
0.0113650309,301.8523250000
0.0113029387,301.7225040000
0.0112408465,301.6816410000
0.0111787543,301.6251830000
0.0111166621,301.4128420000
0.0110545699,301.2331540000
0.0109924776,301.0562440000
0.0109303854,300.8793330000
0.0108682932,300.7023930000
0.0108062010,300.5254520000
0.0107441088,300.3847050000
0.0106820166,300.2311100000
0.0106199244,300.0774840000
0.0105578322,299.9593810000
0.0104957400,299.9925230000
0.0104336478,300.0769040000
0.0103715556,300.0169680000
0.0103094634,299.6956480000
0.0102473712,299.5200810000
0.0101852790,299.3708190000
0.0101231867,299.2613530000
0.0100610945,299.1518860000
0.0099990023,299.0326540000
0.0099369101,298.8447880000
0.0098748179,298.6910710000
0.0098127257,298.5373540000
0.0097506335,298.3836060000
0.0096885413,298.2429810000
0.0096264491,298.2098390000
0.0095643569,298.1766660000
0.0095022647,297.9430240000
0.0094401725,297.6825870000
0.0093780803,297.5156860000
0.0093159881,297.4934690000
0.0092538958,297.4712220000
0.0091918036,297.4490050000
0.0091297114,297.1921390000
0.0090676192,296.9335330000
0.0090055270,296.7628780000
0.0089434348,296.7166140000
0.0088813426,296.6703490000
0.0088192504,296.6241460000
0.0087571582,296.5801390000
0.0086950660,296.4038700000
0.0086329738,296.2169190000
0.0085708816,296.0299680000
0.0085087894,295.8430180000
0.0084466972,295.6840820000
0.0083846049,295.5604860000
0.0083225127,295.4471740000
0.0082604205,295.4068910000
0.0081983283,295.3674620000
0.0081362361,295.3280030000
0.0080741439,295.2886050000
0.0080120517,295.2491760000
0.0079499595,295.2097470000
0.0078878673,295.1687930000
0.0078257751,295.1275020000
0.0077636829,295.0525820000
0.0077015907,295.0215450000
0.0076394985,295.0010990000
0.0075774062,294.9806820000
0.0075153140,294.9602660000
0.0074532218,294.9128110000
0.0073911296,294.8264160000
0.0073290374,294.7331540000
0.0072669452,294.6293330000
0.0072048530,294.5740050000
0.0071427608,294.5655210000
0.0070806686,294.5570070000
0.0070185764,294.5461430000
0.0069564842,294.4821780000
0.0068943920,294.4182130000
0.0068322998,294.3501890000
0.0067702076,294.2791140000
0.0067081153,294.2135010000
0.0066460231,294.1381840000
0.0065839309,294.0866390000
0.0065218387,294.0480650000
0.0064597465,294.0385440000
0.0063976543,294.0402830000
0.0063355621,294.0380250000
0.0062734699,293.9605100000
0.0062113777,293.9126590000
0.0061492855,293.8666690000
0.0060871933,293.8211980000
0.0060251011,293.7757260000
0.0059630089,293.7320860000
0.0059009166,293.6933290000
0.0058388244,293.6639400000
0.0057767322,293.6348880000
0.0057146400,293.5963440000
0.0056525478,293.5561520000
0.0055904556,293.5159300000
0.0055283634,293.4757390000
0.0054662712,293.4469600000
0.0054041790,293.4313050000
0.0053420868,293.4122010000
0.0052799946,293.4010620000
0.0052179024,293.3899230000
0.0051558102,293.3787840000
0.0050937180,293.3690190000
0.0050316257,293.3630070000
0.0049695335,293.3500370000
0.0049074413,293.3433840000
0.0048453491,293.3250730000
0.0047832569,293.3153380000
0.0047211647,293.3072510000
0.0046590725,293.2991640000
0.0045969803,293.2919920000
0.0045348881,293.2761230000
0.0044727959,293.2613220000
0.0044107037,293.2496030000
0.0043486115,293.2468570000
0.0042865193,293.2392580000
0.0042244270,293.2254640000
0.0041623348,293.2178960000
0.0041002426,293.2123410000
0.0040381504,293.2067260000
0.0039760582,293.2011720000
0.0039139660,293.1971130000
0.0038518738,293.1956180000
0.0037897816,293.1941530000
0.0037276894,293.1894840000
0.0036655972,293.1838680000
0.0036035050,293.1783140000
0.0035414128,293.1726990000
0.0034793206,293.1671450000
0.0034172284,293.1625370000
0.0033551361,293.1596680000
0.0032930439,293.1587830000
0.0032309517,293.1580810000
0.0031688595,293.1573790000
0.0031067673,293.1566470000
0.0030446751,293.1559750000
0.0029825829,293.1536250000
0.0029204907,293.1526490000
0.0028583985,293.1516720000
0.0027963063,293.1507570000
0.0027342141,293.1504210000
0.0026721219,293.1501460000
0.0026100297,293.1493530000
0.0025479375,293.1488950000
0.0024858452,293.1489560000
0.0024237530,293.1489870000
0.0023616608,293.1490480000
0.0022995686,293.1491390000
0.0022374764,293.1492310000
0.0021753842,293.1492920000
0.0021132920,293.1493840000
0.0020511998,293.1494750000
0.0019891076,293.1495670000
0.0019270155,293.1496580000
0.0018649234,293.1497500000
0.0018028313,293.1497800000
0.0017407392,293.1498720000
0.0016786471,293.1499020000
0.0016165550,293.1499330000
0.0015544629,293.1499330000
0.0014923709,293.1499630000
0.0014302788,293.1499630000
0.0013681867,293.1499940000
0.0013060946,293.1499940000
0.0012440025,293.1499940000
0.0011819104,293.1499940000
0.0011198183,293.1499940000
0.0010577262,293.1500240000
0.0009956341,293.1499940000
0.0009335420,293.1499940000
0.0008714499,293.1500240000
0.0008093579,293.1500240000
0.0007472658,293.1500240000
0.0006851737,293.1500240000
0.0006230816,293.1500240000
0.0005609895,293.1499630000
0.0004988974,293.1499940000
0.0004368053,293.1500240000
0.0003747132,293.1499940000
0.0003126211,293.1500240000
0.0002505290,293.1500240000
0.0001884369,293.1499940000
0.0001263449,293.1499630000
0.0000642528,293.1500240000
0.0000021607,293.1499940000
