 Y [ m ],Tol_4_Velocity [ m s^-1 ], Velocity [ m s^-1 ]
0.00962500,0.00000000,0.00000000
0.00963081,0.00000000,0.00000000
0.00963661,0.00000000,0.00000000
0.00964242,0.00000000,0.00000000
0.00964822,0.00000000,0.00000000
0.00965403,0.00000000,0.00000000
0.00965984,0.00000000,0.00000000
0.00966564,0.00000000,0.00000000
0.00967145,0.00000000,0.00000000
0.00967725,0.00000000,0.00000000
0.00968306,0.00000000,0.00000000
0.00968886,0.00000000,0.00000000
0.00969467,0.00000000,0.00000000
0.00970048,0.00000000,0.00000000
0.00970628,0.00000000,0.00000000
0.00971209,0.00000000,0.00000000
0.00971789,0.00000000,0.00000000
0.00972370,0.00000000,0.00000000
0.00972951,0.00000000,0.00000000
0.00973531,0.00000000,0.00000000
0.00974112,0.00000000,0.00000000
0.00974692,0.00000000,0.00000000
0.00975273,0.00000000,0.00000000
0.00975853,0.00000000,0.00000000
0.00976434,0.00000000,0.00000000
0.00977015,0.00000000,0.00000000
0.00977595,0.00000000,0.00000000
0.00978176,0.00000000,0.00000000
0.00978756,0.00000000,0.00000000
0.00979337,0.00000000,0.00000000
0.00979918,0.00000000,0.00000000
0.00980498,0.00000000,0.00000000
0.00981079,0.00000000,0.00000000
0.00981659,0.00000000,0.00000000
0.00982240,0.00000000,0.00000000
0.00982821,0.00000000,0.00000000
0.00983401,0.00000000,0.00000000
0.00983982,0.00000000,0.00000000
0.00984562,0.00000000,0.00000000
0.00985143,0.00000000,0.00000000
0.00985723,0.00000000,0.00000000
0.00986304,0.00000000,0.00000000
0.00986885,0.00000000,0.00000000
0.00987465,0.00000000,0.00000000
0.00988046,0.00000000,0.00000000
0.00988626,0.00000000,0.00000000
0.00989207,0.00000000,0.00000000
0.00989788,0.00000000,0.00000000
0.00990368,0.00000000,0.00000000
0.00990949,0.00000000,0.00000000
0.00991529,0.00000000,0.00000000
0.00992110,0.00000000,0.00000000
0.00992690,0.00000000,0.00000000
0.00993271,0.00000000,0.00000000
0.00993852,0.00000000,0.00000000
0.00994432,0.00000000,0.00000000
0.00995013,0.00000000,0.00000000
0.00995593,0.00000000,0.00000000
0.00996174,0.00000000,0.00000000
0.00996755,0.00000000,0.00000000
0.00997335,0.00000000,0.00000000
0.00997916,0.00000000,0.00000000
0.00998496,0.00000000,0.00000000
0.00999077,0.00000000,0.00000000
0.00999658,0.00000000,0.00000000
0.01000238,0.00000000,0.00000000
0.01000819,0.00000000,0.00000000
0.01001399,0.00000000,0.00000000
0.01001980,0.00000000,0.00000000
0.01002560,0.00000000,0.00000000
0.01003141,0.00000000,0.00000000
0.01003722,0.00000000,0.00000000
0.01004302,0.00000000,0.00000000
0.01004883,0.00000000,0.00000000
0.01005463,0.00000000,0.00000000
0.01006044,0.00000000,0.00000000
0.01006625,0.00000000,0.00000000
0.01007205,0.00000000,0.00000000
0.01007786,0.00000000,0.00000000
0.01008366,0.00000000,0.00000000
0.01008947,0.00000000,0.00000000
0.01009528,0.00000000,0.00000000
0.01010108,0.00000000,0.00000000
0.01010689,0.00000000,0.00000000
0.01011269,0.00000000,0.00000000
0.01011850,0.00000000,0.00000000
0.01012430,0.00000000,0.00000000
0.01013011,0.00000000,0.00000000
0.01013592,0.00000000,0.00000000
0.01014172,0.07934567,0.07418453
0.01014753,0.09392554,0.08894560
0.01015333,0.10856020,0.10377180
0.01015914,0.12323017,0.11863875
0.01016495,0.13792416,0.13353282
0.01017075,0.15263523,0.14844584
0.01017656,0.16735889,0.16337265
0.01018236,0.18209207,0.17830977
0.01018817,0.19683264,0.19325480
0.01019397,0.21157908,0.20820606
0.01019978,0.22633021,0.22316228
0.01020559,0.24108517,0.23812252
0.01021139,0.25584331,0.25308612
0.01021720,0.27040774,0.26783910
0.01022300,0.28483546,0.28244352
0.01022881,0.29926419,0.29704902
0.01023462,0.31369385,0.31165534
0.01024042,0.32812425,0.32626250
0.01024623,0.34255531,0.34087035
0.01025203,0.35698697,0.35547873
0.01025784,0.36642811,0.36516413
0.01026365,0.37517202,0.37416175
0.01026945,0.38391855,0.38316193
0.01027526,0.39266747,0.39216441
0.01028106,0.40060318,0.40030119
0.01028687,0.40803155,0.40789753
0.01029267,0.41546249,0.41549644
0.01029848,0.42289591,0.42309776
0.01030429,0.43033162,0.43070132
0.01031009,0.43776950,0.43830696
0.01031590,0.44520950,0.44591472
0.01032170,0.45265150,0.45352441
0.01032751,0.46009541,0.46113589
0.01033332,0.46754104,0.46874908
0.01033912,0.47498849,0.47636408
0.01034493,0.48243746,0.48398051
0.01035073,0.48988801,0.49159849
0.01035654,0.49734014,0.49921793
0.01036234,0.50479370,0.50683874
0.01036815,0.51093704,0.51309270
0.01037396,0.51362580,0.51574284
0.01037976,0.51631480,0.51839334
0.01038557,0.51900417,0.52104402
0.01039137,0.52169383,0.52369493
0.01039718,0.52438384,0.52634627
0.01040299,0.52707428,0.52899784
0.01040879,0.52976489,0.53164965
0.01041460,0.53257900,0.53442317
0.01042040,0.53425747,0.53604549
0.01042621,0.53598696,0.53771549
0.01043202,0.53771657,0.53938574
0.01043782,0.53944629,0.54105598
0.01044363,0.54117608,0.54272640
0.01044943,0.54290599,0.54439682
0.01045524,0.54463601,0.54606730
0.01046104,0.54636610,0.54773796
0.01046685,0.54641289,0.54772592
0.01047266,0.54613721,0.54739171
0.01047846,0.54586166,0.54705757
0.01048427,0.54558623,0.54672360
0.01049007,0.54531080,0.54638964
0.01049588,0.54503554,0.54605585
0.01050169,0.54476035,0.54572225
0.01050749,0.54448527,0.54538870
0.01051330,0.54421031,0.54505533
0.01051910,0.54393548,0.54472196
0.01052491,0.54366064,0.54438877
0.01053071,0.54338598,0.54405570
0.01053652,0.54311585,0.54372805
0.01054233,0.54300934,0.54354757
0.01054813,0.54289293,0.54335922
0.01055394,0.54277653,0.54317093
0.01055974,0.54266018,0.54298276
0.01056555,0.54254395,0.54279464
0.01057136,0.54242778,0.54260653
0.01057716,0.54232585,0.54243606
0.01058297,0.54169637,0.54175103
0.01058877,0.54109985,0.54110140
0.01059458,0.54026395,0.54022729
0.01060039,0.53924686,0.53918302
0.01060619,0.53823036,0.53813952
0.01061200,0.53721440,0.53709644
0.01061780,0.53619903,0.53605396
0.01062361,0.53518414,0.53501201
0.01062941,0.53416985,0.53397065
0.01063522,0.53315610,0.53292978
0.01064103,0.53214294,0.53188956
0.01064683,0.53113025,0.53084987
0.01065264,0.53011823,0.52981079
0.01065844,0.52910680,0.52877235
0.01066425,0.52809590,0.52773446
0.01067006,0.52708560,0.52669710
0.01067586,0.52607578,0.52566040
0.01068167,0.52506667,0.52462429
0.01068747,0.52411038,0.52366340
0.01069328,0.52319163,0.52275568
0.01069908,0.52227354,0.52184868
0.01070489,0.52135623,0.52094251
0.01071070,0.52043957,0.52003688
0.01071650,0.51952380,0.51913208
0.01072231,0.51860869,0.51822799
0.01072811,0.51769423,0.51732457
0.01073392,0.51678061,0.51642191
0.01073973,0.51586777,0.51551998
0.01074553,0.51495552,0.51461887
0.01075134,0.51404417,0.51371837
0.01075714,0.51313353,0.51281869
0.01076295,0.51236230,0.51205355
0.01076876,0.51164848,0.51134390
0.01077456,0.51093501,0.51063466
0.01078037,0.51022214,0.50992590
0.01078617,0.50950968,0.50921762
0.01079198,0.50879771,0.50850970
0.01079778,0.50808620,0.50780237
0.01080359,0.50737518,0.50709552
0.01080940,0.50666469,0.50638902
0.01081520,0.50595468,0.50568312
0.01082101,0.50524509,0.50497764
0.01082681,0.50457597,0.50431210
0.01083262,0.50402421,0.50376230
0.01083843,0.50347292,0.50321317
0.01084423,0.50292224,0.50266445
0.01085004,0.50237215,0.50211638
0.01085584,0.50185382,0.50160104
0.01086165,0.50140560,0.50115806
0.01086746,0.50095779,0.50071537
0.01087326,0.50051022,0.50027299
0.01087907,0.50006288,0.49983090
0.01088487,0.49961591,0.49938914
0.01089068,0.49916211,0.49894056
0.01089648,0.49867448,0.49845842
0.01090229,0.49818718,0.49797660
0.01090810,0.49770036,0.49749517
0.01091390,0.49721393,0.49701425
0.01091971,0.49672788,0.49653363
0.01092551,0.49624225,0.49605343
0.01093132,0.49575701,0.49557361
0.01093713,0.49527222,0.49509421
0.01094293,0.49478781,0.49461523
0.01094874,0.49430928,0.49414217
0.01095454,0.49390236,0.49374169
0.01096035,0.49349567,0.49334142
0.01096615,0.49308923,0.49294141
0.01097196,0.49268308,0.49254161
0.01097777,0.49227715,0.49214211
0.01098357,0.49187145,0.49174285
0.01098938,0.49151939,0.49139634
0.01099518,0.49124298,0.49112418
0.01100099,0.49096674,0.49085227
0.01100680,0.49069077,0.49058056
0.01101260,0.49041501,0.49030912
0.01101841,0.49013948,0.49003786
0.01102421,0.48986417,0.48976687
0.01103002,0.48958915,0.48949608
0.01103583,0.48931429,0.48922554
0.01104163,0.48905063,0.48896438
0.01104744,0.48880392,0.48871750
0.01105324,0.48855743,0.48847079
0.01105905,0.48831102,0.48822427
0.01106485,0.48806483,0.48797789
0.01107066,0.48781878,0.48773167
0.01107647,0.48757291,0.48748556
0.01108227,0.48732716,0.48723966
0.01108808,0.48708162,0.48699391
0.01109388,0.48683617,0.48674834
0.01109969,0.48659098,0.48650292
0.01110550,0.48634589,0.48625767
0.01111130,0.48610100,0.48601258
0.01111711,0.48585621,0.48576763
0.01112291,0.48559418,0.48550665
0.01112872,0.48533165,0.48524526
0.01113452,0.48509240,0.48500532
0.01114033,0.48488179,0.48479325
0.01114614,0.48472622,0.48463574
0.01115194,0.48457071,0.48447835
0.01115775,0.48441535,0.48432103
0.01116355,0.48426011,0.48416388
0.01116936,0.48410502,0.48400679
0.01117517,0.48395002,0.48384985
0.01118097,0.48379514,0.48369303
0.01118678,0.48364034,0.48353636
0.01119258,0.48348573,0.48337978
0.01119839,0.48333120,0.48322335
0.01120420,0.48317683,0.48306698
0.01121000,0.48302260,0.48291081
0.01121581,0.48286840,0.48275471
0.01122161,0.48271284,0.48259726
0.01122742,0.48255479,0.48243737
0.01123322,0.48239681,0.48227760
0.01123903,0.48223895,0.48211792
0.01124484,0.48208120,0.48195833
0.01125064,0.48192349,0.48179886
0.01125645,0.48176590,0.48163947
0.01126225,0.48160842,0.48148018
0.01126806,0.48145103,0.48132101
0.01127387,0.48130083,0.48116907
0.01127967,0.48120329,0.48107073
0.01128548,0.48110577,0.48097244
0.01129128,0.48100838,0.48087421
0.01129709,0.48091102,0.48077610
0.01130289,0.48081371,0.48067802
0.01130870,0.48070663,0.48056990
0.01131451,0.48058885,0.48045093
0.01132031,0.48047113,0.48033193
0.01132612,0.48035344,0.48021302
0.01133192,0.48023587,0.48009422
0.01133773,0.48011839,0.47997549
0.01134354,0.48000097,0.47985682
0.01134934,0.47988355,0.47973824
0.01135515,0.47976628,0.47961968
0.01136095,0.47964907,0.47950125
0.01136676,0.47953188,0.47938287
0.01137257,0.47941482,0.47926456
0.01137837,0.47929782,0.47914630
0.01138418,0.47920999,0.47905815
0.01138998,0.47913730,0.47898549
0.01139579,0.47905618,0.47890398
0.01140159,0.47897246,0.47881976
0.01140740,0.47888881,0.47873560
0.01141321,0.47880518,0.47865146
0.01141901,0.47872168,0.47856739
0.01142482,0.47863817,0.47848341
0.01143062,0.47855470,0.47839940
0.01143643,0.47847131,0.47831550
0.01144224,0.47838804,0.47823167
0.01144804,0.47830474,0.47814789
0.01145385,0.47822148,0.47806415
0.01145965,0.47813839,0.47798049
0.01146546,0.47805527,0.47789687
0.01147126,0.47797254,0.47781363
0.01147707,0.47789133,0.47773215
0.01148288,0.47781017,0.47765064
0.01148868,0.47774589,0.47758585
0.01149449,0.47768173,0.47752109
0.01150029,0.47761759,0.47745636
0.01150610,0.47755352,0.47739175
0.01151191,0.47748950,0.47732717
0.01151771,0.47742549,0.47726259
0.01152352,0.47736150,0.47719806
0.01152932,0.47729763,0.47713360
0.01153513,0.47723374,0.47706917
0.01154094,0.47716993,0.47700480
0.01154674,0.47710615,0.47694042
0.01155255,0.47704241,0.47687611
0.01155835,0.47697875,0.47681189
0.01156416,0.47691506,0.47674766
0.01156996,0.47685152,0.47668350
0.01157577,0.47678617,0.47661784
0.01158158,0.47671658,0.47654864
0.01158738,0.47664702,0.47647950
0.01159319,0.47657752,0.47641039
0.01159899,0.47652414,0.47635758
0.01160480,0.47647581,0.47630990
0.01161061,0.47642741,0.47626218
0.01161641,0.47637913,0.47621453
0.01162222,0.47633088,0.47616693
0.01162802,0.47628266,0.47611931
0.01163383,0.47623444,0.47607177
0.01163964,0.47618622,0.47602427
0.01164544,0.47613811,0.47597677
0.01165125,0.47609001,0.47592929
0.01165705,0.47604194,0.47588190
0.01166286,0.47599080,0.47583002
0.01166866,0.47593942,0.47577780
0.01167447,0.47588801,0.47572562
0.01168028,0.47583672,0.47567344
0.01168608,0.47578537,0.47562131
0.01169189,0.47573408,0.47556922
0.01169769,0.47568285,0.47551715
0.01170350,0.47563165,0.47546509
0.01170931,0.47558048,0.47541308
0.01171511,0.47552931,0.47536117
0.01172092,0.47549081,0.47532263
0.01172672,0.47545630,0.47528830
0.01173253,0.47542182,0.47525400
0.01173833,0.47538659,0.47521895
0.01174414,0.47534925,0.47518134
0.01174995,0.47531188,0.47514373
0.01175575,0.47527456,0.47510618
0.01176156,0.47523725,0.47506863
0.01176736,0.47520360,0.47503603
0.01177317,0.47517046,0.47500420
0.01177898,0.47513741,0.47497231
0.01178478,0.47510436,0.47494057
0.01179059,0.47507137,0.47490877
0.01179639,0.47503838,0.47487706
0.01180220,0.47500545,0.47484532
0.01180801,0.47497249,0.47481361
0.01181381,0.47493961,0.47478199
0.01181962,0.47490519,0.47474867
0.01182542,0.47486705,0.47471139
0.01183123,0.47482893,0.47467414
0.01183703,0.47479084,0.47463685
0.01184284,0.47475275,0.47459966
0.01184865,0.47471470,0.47456247
0.01185445,0.47467673,0.47452533
0.01186026,0.47463870,0.47448820
0.01186606,0.47461694,0.47446859
0.01187187,0.47459528,0.47444913
0.01187768,0.47457367,0.47442970
0.01188348,0.47455198,0.47441027
0.01188929,0.47453037,0.47439080
0.01189509,0.47450876,0.47437143
0.01190090,0.47448722,0.47435212
0.01190670,0.47446588,0.47433209
0.01191251,0.47444475,0.47431165
0.01191832,0.47442359,0.47429129
0.01192412,0.47440249,0.47427088
0.01192993,0.47438142,0.47425058
0.01193573,0.47435707,0.47422674
0.01194154,0.47433105,0.47420102
0.01194735,0.47430500,0.47417542
0.01195315,0.47427899,0.47414982
0.01195896,0.47425300,0.47412422
0.01196476,0.47422701,0.47409868
0.01197057,0.47420108,0.47407311
0.01197638,0.47417513,0.47404757
0.01198218,0.47414923,0.47402209
0.01198799,0.47412336,0.47399658
0.01199379,0.47409746,0.47397116
0.01199960,0.47407308,0.47394708
0.01200540,0.47405779,0.47393221
0.01201121,0.47404256,0.47391734
0.01201702,0.47402740,0.47390249
0.01202282,0.47401223,0.47388762
0.01202863,0.47399703,0.47387281
0.01203443,0.47398070,0.47385660
0.01204024,0.47396192,0.47383732
0.01204605,0.47394314,0.47381812
0.01205185,0.47392431,0.47379887
0.01205766,0.47390559,0.47377965
0.01206346,0.47388688,0.47376049
0.01206927,0.47386816,0.47374132
0.01207507,0.47384948,0.47372216
0.01208088,0.47383082,0.47370306
0.01208669,0.47381219,0.47368395
0.01209249,0.47379360,0.47366485
0.01209830,0.47377500,0.47364578
0.01210410,0.47376209,0.47363210
0.01210991,0.47375160,0.47362068
0.01211572,0.47374120,0.47360933
0.01212152,0.47373071,0.47359788
0.01212733,0.47372034,0.47358650
0.01213313,0.47370997,0.47357515
0.01213894,0.47369754,0.47356158
0.01214475,0.47368363,0.47354639
0.01215055,0.47366971,0.47353110
0.01215636,0.47365579,0.47351593
0.01216216,0.47364190,0.47350073
0.01216797,0.47362804,0.47348553
0.01217377,0.47361419,0.47347036
0.01217958,0.47360039,0.47345519
0.01218539,0.47358650,0.47344008
0.01219119,0.47357273,0.47342497
0.01219700,0.47355896,0.47340989
0.01220280,0.47354516,0.47339478
0.01220861,0.47353259,0.47338110
0.01221442,0.47352645,0.47337520
0.01222022,0.47352040,0.47336933
0.01222603,0.47351429,0.47336343
0.01223183,0.47350815,0.47335753
0.01223764,0.47350213,0.47335172
0.01224345,0.47349340,0.47334346
0.01224925,0.47348273,0.47333339
0.01225506,0.47347203,0.47332335
0.01226086,0.47346130,0.47331330
0.01226667,0.47345066,0.47330326
0.01227247,0.47344002,0.47329330
0.01227828,0.47342938,0.47328332
0.01228409,0.47341880,0.47327334
0.01228989,0.47340816,0.47326335
0.01229570,0.47339758,0.47325343
0.01230150,0.47338703,0.47324353
0.01230731,0.47337651,0.47323364
0.01231312,0.47336596,0.47322378
0.01231892,0.47335616,0.47321549
0.01232473,0.47334674,0.47320819
0.01233053,0.47333735,0.47320083
0.01233634,0.47332799,0.47319359
0.01234214,0.47331980,0.47318718
0.01234795,0.47331160,0.47318080
0.01235376,0.47330344,0.47317442
0.01235956,0.47329527,0.47316810
0.01236537,0.47328711,0.47316176
0.01237117,0.47327900,0.47315550
0.01237698,0.47327092,0.47314918
0.01238279,0.47326282,0.47314289
0.01238859,0.47325474,0.47313663
0.01239440,0.47324669,0.47313040
0.01240020,0.47323862,0.47312415
0.01240601,0.47323060,0.47311798
0.01241182,0.47322258,0.47311175
0.01241762,0.47322145,0.47311211
0.01242343,0.47322086,0.47311285
0.01242923,0.47322032,0.47311372
0.01243504,0.47321650,0.47310981
0.01244084,0.47321248,0.47310567
0.01244665,0.47320849,0.47310150
0.01245246,0.47320446,0.47309732
0.01245826,0.47320050,0.47309318
0.01246407,0.47319651,0.47308904
0.01246987,0.47319254,0.47308493
0.01247568,0.47318861,0.47308081
0.01248149,0.47318470,0.47307676
0.01248729,0.47318077,0.47307268
0.01249310,0.47318166,0.47307399
0.01249890,0.47318336,0.47307628
0.01250471,0.47318509,0.47307858
0.01251051,0.47318691,0.47308096
0.01251632,0.47318870,0.47308332
0.01252213,0.47318974,0.47308463
0.01252793,0.47318909,0.47308350
0.01253374,0.47318849,0.47308242
0.01253954,0.47318777,0.47308129
0.01254535,0.47318721,0.47308022
0.01255116,0.47318661,0.47307917
0.01255696,0.47318602,0.47307810
0.01256277,0.47318545,0.47307709
0.01256857,0.47318488,0.47307605
0.01257438,0.47318703,0.47307804
0.01258019,0.47319040,0.47308138
0.01258599,0.47319385,0.47308478
0.01259180,0.47319728,0.47308820
0.01259760,0.47320074,0.47309157
0.01260341,0.47320420,0.47309503
0.01260921,0.47320768,0.47309852
0.01261502,0.47321025,0.47310051
0.01262083,0.47321388,0.47310358
0.01262663,0.47321984,0.47310942
0.01263244,0.47322580,0.47311532
0.01263824,0.47323188,0.47312129
0.01264405,0.47323787,0.47312719
0.01264986,0.47324392,0.47313318
0.01265566,0.47325000,0.47313914
0.01266147,0.47325602,0.47314507
0.01266727,0.47326210,0.47315109
0.01267308,0.47326824,0.47315711
0.01267888,0.47327432,0.47316310
0.01268469,0.47328046,0.47316918
0.01269050,0.47328663,0.47317523
0.01269630,0.47329274,0.47318128
0.01270211,0.47329900,0.47318742
0.01270791,0.47330517,0.47319347
0.01271372,0.47331056,0.47319856
0.01271953,0.47331211,0.47319892
0.01272533,0.47331378,0.47319931
0.01273114,0.47331604,0.47320023
0.01273694,0.47331977,0.47320223
0.01274275,0.47332355,0.47320426
0.01274856,0.47332734,0.47320631
0.01275436,0.47333112,0.47320834
0.01276017,0.47333494,0.47321045
0.01276597,0.47333881,0.47321254
0.01277178,0.47334263,0.47321463
0.01277758,0.47335082,0.47322157
0.01278339,0.47336400,0.47323394
0.01278920,0.47337714,0.47324640
0.01279500,0.47338855,0.47325733
0.01280081,0.47339562,0.47326481
0.01280661,0.47340277,0.47327232
0.01281242,0.47341001,0.47327983
0.01281823,0.47342032,0.47329101
0.01282403,0.47343475,0.47330680
0.01282984,0.47344914,0.47332263
0.01283564,0.47346362,0.47333845
0.01284145,0.47347805,0.47335431
0.01284725,0.47349250,0.47337016
0.01285306,0.47350702,0.47338605
0.01285887,0.47352153,0.47340196
0.01286467,0.47353601,0.47341785
0.01287048,0.47354850,0.47343084
0.01287628,0.47356051,0.47344324
0.01288209,0.47357261,0.47345567
0.01288790,0.47358543,0.47346732
0.01289370,0.47359827,0.47347894
0.01289951,0.47361118,0.47349057
0.01290531,0.47362408,0.47350225
0.01291112,0.47363698,0.47351393
0.01291693,0.47364992,0.47352558
0.01292273,0.47366291,0.47353733
0.01292854,0.47367585,0.47354904
0.01293434,0.47368890,0.47356078
0.01294015,0.47370183,0.47357255
0.01294595,0.47371495,0.47358438
0.01295176,0.47372797,0.47359619
0.01295757,0.47374374,0.47361103
0.01296337,0.47376338,0.47363019
0.01296918,0.47378305,0.47364932
0.01297498,0.47380269,0.47366855
0.01298079,0.47382265,0.47368777
0.01298660,0.47384357,0.47370771
0.01299240,0.47386584,0.47372949
0.01299821,0.47388816,0.47375128
0.01300401,0.47391045,0.47377300
0.01300982,0.47393277,0.47379485
0.01301563,0.47395509,0.47381666
0.01302143,0.47397748,0.47383851
0.01302724,0.47399983,0.47386035
0.01303304,0.47402227,0.47388223
0.01303885,0.47404468,0.47390410
0.01304465,0.47406709,0.47392604
0.01305046,0.47408956,0.47394800
0.01305627,0.47411200,0.47396991
0.01306207,0.47413453,0.47399190
0.01306788,0.47415701,0.47401389
0.01307368,0.47417957,0.47403586
0.01307949,0.47420210,0.47405788
0.01308530,0.47422650,0.47408149
0.01309110,0.47425142,0.47410545
0.01309691,0.47427636,0.47412947
0.01310271,0.47429976,0.47415215
0.01310852,0.47432253,0.47417435
0.01311432,0.47434536,0.47419655
0.01312013,0.47436824,0.47421885
0.01312594,0.47439113,0.47424111
0.01313174,0.47441396,0.47426340
0.01313755,0.47443691,0.47428575
0.01314335,0.47445980,0.47430804
0.01314916,0.47448280,0.47433046
0.01315497,0.47450581,0.47435278
0.01316077,0.47452876,0.47437519
0.01316658,0.47455180,0.47439766
0.01317238,0.47457483,0.47442007
0.01317819,0.47459787,0.47444254
0.01318400,0.47462094,0.47446498
0.01318980,0.47465333,0.47449687
0.01319561,0.47469291,0.47453594
0.01320141,0.47472814,0.47457075
0.01320722,0.47476339,0.47460559
0.01321302,0.47479871,0.47464043
0.01321883,0.47483751,0.47467968
0.01322464,0.47487769,0.47472051
0.01323044,0.47491786,0.47476137
0.01323625,0.47495800,0.47480223
0.01324205,0.47499821,0.47484311
0.01324786,0.47503841,0.47488406
0.01325367,0.47507870,0.47492504
0.01325947,0.47511899,0.47496602
0.01326528,0.47515926,0.47500700
0.01327108,0.47519961,0.47504801
0.01327689,0.47523999,0.47508907
0.01328269,0.47528034,0.47513014
0.01328850,0.47531831,0.47516832
0.01329431,0.47534800,0.47519681
0.01330011,0.47537774,0.47522530
0.01330592,0.47540754,0.47525385
0.01331172,0.47543731,0.47528228
0.01331753,0.47546715,0.47531086
0.01332334,0.47549701,0.47533944
0.01332914,0.47552690,0.47536808
0.01333495,0.47556067,0.47540095
0.01334075,0.47560906,0.47544968
0.01334656,0.47565749,0.47549838
0.01335237,0.47570592,0.47554713
0.01335817,0.47575444,0.47559592
0.01336398,0.47580290,0.47564477
0.01336978,0.47585148,0.47569361
0.01337559,0.47590005,0.47574249
0.01338139,0.47594866,0.47579142
0.01338720,0.47599733,0.47584042
0.01339301,0.47605219,0.47589520
0.01339881,0.47611350,0.47595608
0.01340462,0.47617492,0.47601697
0.01341042,0.47623631,0.47607791
0.01341623,0.47629786,0.47613892
0.01342204,0.47635934,0.47619995
0.01342784,0.47642094,0.47626108
0.01343365,0.47647318,0.47631252
0.01343945,0.47652087,0.47635919
0.01344526,0.47656864,0.47640592
0.01345106,0.47661641,0.47645268
0.01345687,0.47666419,0.47649944
0.01346268,0.47671202,0.47654629
0.01346848,0.47675991,0.47659314
0.01347429,0.47680783,0.47664005
0.01348009,0.47685575,0.47668704
0.01348590,0.47690377,0.47673401
0.01349171,0.47695181,0.47678107
0.01349751,0.47699985,0.47682810
0.01350332,0.47704959,0.47687691
0.01350912,0.47712818,0.47695604
0.01351493,0.47720677,0.47703525
0.01352074,0.47728547,0.47711450
0.01352654,0.47736421,0.47719383
0.01353235,0.47743887,0.47726914
0.01353815,0.47750309,0.47733411
0.01354396,0.47756737,0.47739908
0.01354976,0.47763163,0.47746417
0.01355557,0.47769600,0.47752926
0.01356138,0.47776037,0.47759441
0.01356718,0.47782481,0.47765961
0.01357299,0.47788933,0.47772488
0.01357879,0.47795385,0.47779018
0.01358460,0.47801840,0.47785553
0.01359041,0.47808307,0.47792086
0.01359621,0.47814772,0.47798628
0.01360202,0.47821242,0.47805181
0.01360782,0.47828895,0.47812903
0.01361363,0.47838882,0.47822958
0.01361944,0.47848871,0.47833022
0.01362524,0.47858870,0.47843090
0.01363105,0.47868410,0.47852683
0.01363685,0.47877523,0.47861832
0.01364266,0.47886637,0.47870994
0.01364846,0.47895762,0.47880158
0.01365427,0.47904882,0.47889322
0.01366008,0.47914022,0.47898495
0.01366588,0.47923160,0.47907680
0.01367169,0.47932309,0.47916868
0.01367749,0.47941461,0.47926059
0.01368330,0.47950613,0.47935259
0.01368911,0.47959778,0.47944465
0.01369491,0.47971109,0.47955802
0.01370072,0.47983560,0.47968253
0.01370652,0.47996023,0.47980714
0.01371233,0.48008499,0.47993183
0.01371813,0.48020571,0.48005345
0.01372394,0.48032579,0.48017463
0.01372975,0.48044598,0.48029590
0.01373555,0.48056626,0.48041725
0.01374136,0.48068652,0.48053858
0.01374716,0.48080692,0.48066008
0.01375297,0.48092741,0.48078161
0.01375878,0.48104793,0.48090330
0.01376458,0.48115811,0.48101333
0.01377039,0.48126367,0.48111826
0.01377619,0.48136932,0.48122334
0.01378200,0.48147503,0.48132849
0.01378781,0.48158526,0.48143816
0.01379361,0.48174465,0.48159736
0.01379942,0.48190412,0.48175669
0.01380522,0.48206374,0.48191616
0.01381103,0.48222348,0.48207572
0.01381683,0.48238325,0.48223540
0.01382264,0.48254323,0.48239520
0.01382845,0.48270330,0.48255509
0.01383425,0.48286349,0.48271513
0.01384006,0.48302373,0.48287523
0.01384586,0.48318419,0.48303550
0.01385167,0.48334470,0.48319587
0.01385748,0.48350531,0.48335633
0.01386328,0.48366606,0.48351687
0.01386909,0.48382691,0.48367757
0.01387489,0.48398784,0.48383841
0.01388070,0.48414567,0.48399618
0.01388650,0.48428610,0.48413688
0.01389231,0.48445168,0.48430374
0.01389812,0.48463252,0.48448637
0.01390392,0.48483333,0.48468915
0.01390973,0.48505190,0.48490989
0.01391553,0.48527059,0.48513085
0.01392134,0.48548946,0.48535189
0.01392715,0.48570845,0.48557305
0.01393295,0.48592761,0.48579437
0.01393876,0.48614687,0.48601583
0.01394456,0.48636624,0.48623738
0.01395037,0.48658577,0.48645914
0.01395618,0.48680547,0.48668104
0.01396198,0.48702535,0.48690301
0.01396779,0.48728684,0.48716405
0.01397359,0.48756528,0.48744085
0.01397940,0.48784393,0.48771790
0.01398520,0.48812279,0.48799512
0.01399101,0.48840186,0.48827261
0.01399682,0.48868114,0.48855025
0.01400262,0.48896065,0.48882815
0.01400843,0.48924044,0.48910633
0.01401423,0.48952043,0.48938462
0.01402004,0.48980060,0.48966321
0.01402585,0.49008101,0.48994198
0.01403165,0.49036163,0.49022099
0.01403746,0.49064252,0.49050024
0.01404326,0.49092361,0.49077970
0.01404907,0.49118578,0.49104169
0.01405487,0.49146166,0.49131659
0.01406068,0.49179697,0.49164763
0.01406649,0.49214235,0.49198854
0.01407229,0.49253148,0.49237275
0.01407810,0.49292091,0.49275729
0.01408390,0.49331057,0.49314207
0.01408971,0.49370053,0.49352708
0.01409552,0.49409077,0.49391234
0.01410132,0.49448127,0.49429795
0.01410713,0.49487206,0.49468377
0.01411293,0.49526310,0.49506986
0.01411874,0.49565437,0.49545619
0.01412455,0.49604589,0.49584275
0.01413035,0.49643776,0.49622959
0.01413616,0.49682987,0.49661669
0.01414196,0.49722221,0.49700406
0.01414777,0.49768749,0.49746224
0.01415357,0.49831396,0.49807686
0.01415938,0.49894083,0.49869198
0.01416519,0.49956822,0.49930757
0.01417099,0.50019604,0.49992356
0.01417680,0.50082433,0.50054002
0.01418260,0.50145310,0.50115693
0.01418841,0.50203919,0.50173217
0.01419422,0.50256753,0.50225103
0.01420002,0.50309628,0.50277025
0.01420583,0.50362551,0.50328994
0.01421163,0.50415510,0.50381011
0.01421744,0.50468516,0.50433058
0.01422324,0.50521564,0.50485158
0.01422905,0.50574654,0.50537288
0.01423486,0.50627792,0.50589460
0.01424066,0.50680965,0.50641680
0.01424647,0.50734180,0.50693929
0.01425227,0.50787449,0.50746232
0.01425808,0.50873268,0.50831401
0.01426389,0.50959259,0.50916725
0.01426969,0.51045310,0.51002115
0.01427550,0.51131409,0.51087552
0.01428130,0.51217574,0.51173043
0.01428711,0.51303786,0.51258600
0.01429292,0.51390058,0.51344204
0.01429872,0.51476383,0.51429868
0.01430453,0.51562768,0.51515579
0.01431033,0.51649201,0.51601344
0.01431614,0.51735699,0.51687163
0.01432194,0.51828164,0.51780444
0.01432775,0.51921165,0.51874375
0.01433356,0.52014256,0.51968396
0.01433936,0.52107424,0.52062500
0.01434517,0.52200681,0.52156681
0.01435097,0.52294022,0.52250957
0.01435678,0.52387446,0.52345306
0.01436259,0.52480954,0.52439749
0.01436839,0.52574551,0.52534264
0.01437420,0.52668208,0.52628863
0.01438000,0.52761966,0.52723551
0.01438581,0.52855808,0.52818316
0.01439162,0.52949715,0.52913153
0.01439742,0.53043717,0.53008085
0.01440323,0.53134191,0.53101790
0.01440903,0.53223801,0.53195202
0.01441484,0.53313446,0.53288656
0.01442064,0.53400129,0.53379321
0.01442645,0.53480417,0.53464019
0.01443226,0.53560740,0.53548747
0.01443806,0.53641099,0.53633517
0.01444387,0.53721493,0.53718323
0.01444967,0.53801936,0.53803176
0.01445548,0.53883857,0.53889471
0.01446129,0.53969425,0.53979343
0.01446709,0.54055029,0.54069245
0.01447290,0.54140681,0.54159212
0.01447870,0.54226375,0.54249197
0.01448451,0.54312104,0.54339248
0.01449031,0.54397875,0.54429334
0.01449612,0.54483688,0.54519451
0.01450193,0.54569548,0.54609621
0.01450773,0.54655445,0.54699832
0.01451354,0.54741377,0.54790092
0.01451934,0.54814404,0.54867595
0.01452515,0.54828680,0.54887027
0.01453096,0.54842967,0.54906482
0.01453676,0.54857266,0.54925942
0.01454257,0.54871577,0.54945421
0.01454837,0.54885900,0.54964918
0.01455418,0.54900235,0.54984421
0.01455999,0.54914576,0.55003947
0.01456579,0.54874092,0.54968518
0.01457160,0.54813647,0.54913086
0.01457740,0.54753214,0.54857665
0.01458321,0.54692775,0.54802233
0.01458901,0.54632324,0.54746813
0.01459482,0.54571885,0.54691386
0.01460063,0.54511452,0.54635960
0.01460643,0.54451001,0.54580534
0.01461224,0.54390562,0.54525113
0.01461804,0.54180747,0.54317880
0.01462385,0.53808945,0.53946024
0.01462966,0.53437167,0.53574187
0.01463546,0.53065437,0.53202397
0.01464127,0.52693725,0.52830625
0.01464707,0.52322066,0.52458894
0.01465288,0.51950437,0.52087188
0.01465868,0.51578850,0.51715529
0.01466449,0.51207292,0.51343900
0.01467030,0.50835788,0.50972307
0.01467610,0.50464320,0.50600755
0.01468191,0.50092894,0.50229239
0.01468771,0.49721512,0.49857759
0.01469352,0.49350169,0.49486324
0.01469933,0.48978871,0.49114931
0.01470513,0.48607624,0.48743573
0.01471094,0.48279008,0.48415446
0.01471674,0.47967267,0.48104417
0.01472255,0.47655553,0.47793421
0.01472836,0.46999210,0.47127959
0.01473416,0.46062791,0.46174330
0.01473997,0.44970253,0.45060059
0.01474577,0.43877861,0.43945932
0.01475158,0.42785624,0.42831963
0.01475738,0.41693553,0.41718155
0.01476319,0.40601674,0.40604538
0.01476900,0.39509979,0.39491117
0.01477480,0.38418496,0.38377902
0.01478061,0.37327251,0.37264922
0.01478641,0.36236262,0.36152199
0.01479222,0.35135168,0.35029164
0.01479803,0.34079534,0.33952168
0.01480383,0.33010507,0.32861546
0.01480964,0.31941843,0.31771293
0.01481544,0.30873579,0.30681446
0.01482125,0.29805753,0.29592049
0.01482705,0.28738418,0.28503156
0.01483286,0.27610534,0.27355474
0.01483867,0.26062170,0.25799376
0.01484447,0.24483500,0.24212041
0.01485028,0.22874519,0.22593471
0.01485608,0.21265793,0.20975167
0.01486189,0.19657387,0.19357188
0.01486770,0.18049383,0.17739631
0.01487350,0.16441903,0.16122618
0.01487931,0.14835115,0.14506336
0.01488511,0.13229273,0.12891054
0.01489092,0.11624766,0.11277206
0.01489673,0.10022238,0.09665509
0.01490253,0.08422817,0.08057254
0.01490834,0.06828687,0.06455014
0.01491414,0.00000000,0.00000000
0.01491995,0.00000000,0.00000000
0.01492575,0.00000000,0.00000000
0.01493156,0.00000000,0.00000000
0.01493737,0.00000000,0.00000000
0.01494317,0.00000000,0.00000000
0.01494898,0.00000000,0.00000000
0.01495478,0.00000000,0.00000000
0.01496059,0.00000000,0.00000000
0.01496640,0.00000000,0.00000000
0.01497220,0.00000000,0.00000000
0.01497801,0.00000000,0.00000000
0.01498381,0.00000000,0.00000000
0.01498962,0.00000000,0.00000000
0.01499543,0.00000000,0.00000000
0.01500123,0.00000000,0.00000000
0.01500704,0.00000000,0.00000000
0.01501284,0.00000000,0.00000000
0.01501865,0.00000000,0.00000000
0.01502445,0.00000000,0.00000000
0.01503026,0.00000000,0.00000000
0.01503607,0.00000000,0.00000000
0.01504187,0.00000000,0.00000000
0.01504768,0.00000000,0.00000000
0.01505348,0.00000000,0.00000000
0.01505929,0.00000000,0.00000000
0.01506510,0.00000000,0.00000000
0.01507090,0.00000000,0.00000000
0.01507671,0.00000000,0.00000000
0.01508251,0.00000000,0.00000000
0.01508832,0.00000000,0.00000000
0.01509412,0.00000000,0.00000000
0.01509993,0.00000000,0.00000000
0.01510574,0.00000000,0.00000000
0.01511154,0.00000000,0.00000000
0.01511735,0.00000000,0.00000000
0.01512315,0.00000000,0.00000000
0.01512896,0.00000000,0.00000000
0.01513477,0.00000000,0.00000000
0.01514057,0.00000000,0.00000000
0.01514638,0.00000000,0.00000000
0.01515218,0.00000000,0.00000000
0.01515799,0.00000000,0.00000000
0.01516380,0.00000000,0.00000000
0.01516960,0.00000000,0.00000000
0.01517541,0.00000000,0.00000000
0.01518121,0.00000000,0.00000000
0.01518702,0.00000000,0.00000000
0.01519282,0.00000000,0.00000000
0.01519863,0.00000000,0.00000000
0.01520444,0.00000000,0.00000000
0.01521024,0.00000000,0.00000000
0.01521605,0.00000000,0.00000000
0.01522185,0.00000000,0.00000000
0.01522766,0.00000000,0.00000000
0.01523347,0.00000000,0.00000000
0.01523927,0.00000000,0.00000000
0.01524508,0.00000000,0.00000000
0.01525088,0.00000000,0.00000000
0.01525669,0.00000000,0.00000000
0.01526249,0.00000000,0.00000000
0.01526830,0.00000000,0.00000000
0.01527411,0.00000000,0.00000000
0.01527991,0.00000000,0.00000000
0.01528572,0.00000000,0.00000000
0.01529152,0.00000000,0.00000000
0.01529733,0.00000000,0.00000000
0.01530314,0.00000000,0.00000000
0.01530894,0.00000000,0.00000000
0.01531475,0.00000000,0.00000000
0.01532055,0.00000000,0.00000000
0.01532636,0.00000000,0.00000000
0.01533217,0.00000000,0.00000000
0.01533797,0.00000000,0.00000000
0.01534378,0.00000000,0.00000000
0.01534958,0.00000000,0.00000000
0.01535539,0.00000000,0.00000000
0.01536119,0.00000000,0.00000000
0.01536700,0.00000000,0.00000000
0.01537281,0.00000000,0.00000000
0.01537861,0.00000000,0.00000000
0.01538442,0.00000000,0.00000000
0.01539022,0.00000000,0.00000000
0.01539603,0.00000000,0.00000000
0.01540184,0.00000000,0.00000000
0.01540764,0.00000000,0.00000000
0.01541345,0.00000000,0.00000000
0.01541925,0.00000000,0.00000000
0.01542506,0.00000000,0.00000000
